user_id,0,1,2,3,4,5,6,7,8,9,10,11,12,13,14,15,16,17,18,19
166,72,35,80,22,40,87,142,21,65,91,141,45,66,146,39,32,60,5,131,59
26,45,101,83,14,5,39,63,73,23,6,134,51,11,104,113,26,49,90,15,7
41,22,19,40,88,13,72,44,76,97,65,80,99,146,104,18,49,58,5,35,6
286,22,7,19,80,88,39,76,72,65,13,104,97,35,44,99,49,18,58,146,136
108,76,22,58,72,66,114,21,101,5,35,142,119,172,87,40,75,37,41,128,80
479,72,80,40,76,22,60,33,65,58,67,66,136,147,11,141,105,165,146,145,168
483,22,72,65,142,113,155,70,87,32,5,19,40,14,98,45,160,131,7,44,39
355,76,40,22,66,35,37,80,58,65,7,146,33,185,136,87,142,99,122,36,132
297,72,66,146,40,142,45,22,58,131,130,65,87,60,103,80,21,7,147,35,136
88,66,72,90,146,21,131,45,142,130,180,44,18,7,172,1,58,60,139,195,40
308,22,72,58,66,114,5,21,65,101,35,119,142,40,87,75,37,11,172,41,94
452,22,58,72,66,114,65,21,5,101,35,119,142,87,75,40,37,172,11,41,187
262,80,19,7,40,35,58,88,49,39,72,104,65,141,21,26,1,76,136,36,66
225,22,72,35,80,40,58,76,66,65,37,60,147,136,11,5,45,142,75,150,160
247,76,35,72,80,40,37,65,58,66,11,60,7,96,75,147,21,136,160,49,36
223,76,58,72,66,114,65,101,21,5,35,142,119,172,87,40,75,37,41,128,187
421,72,65,19,40,7,80,58,76,104,88,13,146,60,49,66,5,155,99,147,34
109,101,14,113,23,6,0,134,45,51,1,73,5,83,65,63,44,24,72,11,39
441,72,22,76,40,58,35,80,66,7,33,60,37,32,155,136,146,147,98,142,87
454,72,66,146,142,45,40,22,58,130,87,131,21,103,7,172,80,60,35,30,141
60,22,76,72,37,58,65,60,66,21,67,168,147,94,165,122,31,49,83,136,19
337,22,80,35,58,65,76,66,136,142,160,36,37,60,32,75,77,45,33,150,113
136,76,22,58,72,114,66,101,21,5,65,119,35,142,37,40,87,75,11,172,41
176,22,87,21,39,19,49,1,30,26,7,80,141,17,81,90,45,104,73,88,111
234,76,58,72,66,114,65,101,21,5,35,142,119,172,87,40,75,37,41,128,187
370,66,22,65,146,40,58,11,172,21,130,103,87,131,18,45,19,32,155,7,98
245,35,72,22,40,80,65,58,32,76,60,5,11,136,36,113,142,7,66,19,34
482,65,35,32,22,34,72,77,150,76,19,40,113,80,145,36,44,146,58,11,98
267,22,58,72,66,114,65,21,5,101,35,119,142,87,75,40,37,172,11,41,187
50,22,35,21,80,72,40,76,60,65,67,2,7,129,66,89,101,58,26,87,84
56,14,101,23,6,0,83,51,134,73,5,11,1,113,125,7,63,18,24,57,33
40,101,45,1,23,14,5,73,6,134,51,49,104,63,15,17,84,113,39,88,18
343,72,65,80,76,40,58,7,35,66,60,19,36,136,49,88,33,38,37,99,146
52,22,72,80,58,35,65,76,40,155,7,142,122,33,19,186,60,113,98,146,18
404,22,7,65,49,44,147,80,88,40,13,72,39,104,97,76,99,36,145,35,105
373,76,72,58,66,114,65,101,21,5,35,119,142,87,40,37,75,172,11,41,128
173,72,80,19,65,7,40,88,76,87,49,104,146,36,151,26,58,13,66,35,99
362,22,58,72,66,114,5,21,65,101,35,119,142,40,87,75,37,11,41,33,60
49,87,21,39,22,1,49,19,26,30,90,81,45,73,7,17,111,80,100,104,83
406,72,22,40,76,35,58,65,66,80,60,33,147,7,37,96,32,136,132,122,146
307,76,22,58,72,66,114,65,21,101,5,35,142,119,172,87,40,75,37,41,128
89,101,1,14,83,45,73,113,49,11,39,5,51,6,104,22,23,65,72,7,131
306,76,72,22,80,37,40,58,65,33,35,11,60,87,7,96,75,145,185,99,122
395,22,72,58,114,66,21,65,35,5,101,119,142,87,37,40,75,11,172,41,94
317,22,35,80,58,76,37,66,65,40,60,142,150,136,87,94,36,128,20,145,11
148,76,58,72,101,35,21,66,65,114,40,172,119,142,75,37,128,87,147,5,11
189,87,72,21,22,65,67,39,40,30,7,19,141,180,66,91,80,9,2,13,155
233,72,66,22,40,35,80,58,76,146,142,60,87,37,130,131,59,136,103,139,75
383,19,65,72,40,80,7,88,58,76,147,49,35,104,146,99,11,13,26,142,36
6,67,7,17,33,113,44,45,180,49,6,105,134,8,22,88,73,101,11,65,24
470,65,22,72,147,70,32,98,11,34,155,142,40,113,44,78,77,87,58,80,146
430,72,22,76,40,58,65,80,66,60,147,11,33,7,96,32,37,145,132,19,185
85,21,35,67,8,22,2,84,80,40,66,87,76,65,101,129,60,58,72,71,59
420,22,7,72,19,40,65,80,76,58,60,99,104,146,66,5,13,88,11,34,38
336,22,72,58,35,65,40,76,66,60,7,136,37,168,185,140,150,160,79,11,81
378,22,72,80,40,35,58,76,65,66,60,7,36,37,136,49,185,99,21,34,140
62,37,22,34,60,129,67,2,71,101,21,80,65,26,87,72,8,76,89,99,11
104,39,87,21,22,1,19,49,30,26,90,7,73,81,45,17,104,111,98,80,141
365,72,22,65,40,76,80,87,58,66,7,146,60,33,35,37,32,155,113,147,142
285,22,58,72,114,101,66,21,65,35,5,40,119,142,172,37,75,41,87,128,147
129,22,87,19,49,80,7,1,30,39,141,104,17,26,88,58,111,81,33,25,119
172,101,14,11,24,45,6,49,105,63,73,134,23,51,65,12,18,1,44,5,33
241,72,65,35,44,22,180,18,7,87,94,37,91,40,19,53,76,142,122,146,138
114,39,87,22,1,49,21,19,26,104,30,45,73,81,83,111,7,17,98,88,5
340,22,58,72,66,114,65,21,5,101,35,119,142,87,75,40,37,172,11,41,187
471,72,22,58,76,66,35,80,65,60,37,122,7,147,33,132,32,185,136,140,83
478,65,22,35,32,72,34,80,40,19,150,113,76,11,145,58,36,98,44,146,186
37,87,21,39,22,1,19,30,45,7,90,73,26,49,17,83,2,104,81,100,88
244,22,58,72,66,114,65,21,5,101,35,119,142,87,75,40,37,172,11,41,187
486,22,58,72,35,114,66,21,101,65,5,87,40,142,37,75,11,33,60,181,80
134,22,58,72,35,66,114,21,101,65,37,5,119,142,87,40,172,75,41,123,71
34,9,8,89,143,23,101,44,84,0,48,83,53,91,18,45,51,22,67,134,73
254,76,22,72,58,66,35,114,21,65,101,5,119,142,87,40,172,75,41,123,71
467,76,22,72,66,114,21,65,5,35,101,87,142,40,37,75,41,119,172,60,33
446,67,35,72,11,87,40,7,39,45,131,146,95,80,19,18,65,22,5,172,1
295,35,40,72,58,19,76,65,7,49,136,104,39,66,60,11,145,26,168,149,81
137,87,39,22,21,19,49,26,30,90,81,73,45,104,7,17,111,100,80,98,25
235,76,22,72,66,114,65,21,101,5,35,142,119,172,87,75,40,37,41,128,80
296,35,72,40,22,67,65,58,76,33,136,60,73,93,75,147,24,4,21,78,66
492,22,58,72,66,114,65,21,5,101,35,119,142,87,75,40,37,172,11,41,187
422,147,35,32,72,22,76,34,77,80,58,19,40,113,145,36,11,98,37,78,141
2,7,44,22,59,8,58,113,105,182,180,49,11,13,19,146,18,12,101,155,97
43,37,72,7,80,35,19,65,76,40,60,88,21,89,58,99,49,36,66,11,104
227,22,72,65,7,87,146,44,40,32,19,80,141,5,34,155,147,113,142,95,66
348,22,58,72,66,114,65,21,5,101,35,119,142,87,75,40,37,172,11,41,187
46,87,22,49,1,19,39,26,21,17,30,7,104,45,141,81,111,80,33,58,25
203,72,35,40,80,19,7,58,76,65,88,136,49,5,104,66,33,36,146,141,147
251,80,22,40,65,76,58,147,136,67,165,32,141,142,11,66,145,37,77,21,4
149,35,40,76,80,72,22,65,6,66,8,37,186,34,32,59,105,147,60,19,49
487,35,72,147,65,76,22,80,58,40,32,34,145,60,136,150,19,113,36,141,205
171,101,14,45,23,0,6,134,51,83,5,125,73,113,24,1,63,84,11,17,97
201,22,40,7,65,80,76,146,19,66,60,58,136,5,104,49,88,99,35,33,147
120,22,40,76,60,72,58,65,80,66,19,94,2,11,21,67,147,142,4,73,145
329,8,11,65,76,143,89,5,14,101,138,67,180,110,35,172,195,155,48,44,94
81,80,35,18,22,37,76,72,186,146,58,66,65,61,32,49,122,64,149,59,19
97,37,7,22,71,35,65,80,34,40,129,101,89,72,76,196,56,18,84,66,32
326,35,72,80,40,65,22,67,76,136,33,73,75,60,21,58,93,105,4,24,66
198,66,72,21,146,87,45,142,131,30,141,39,7,103,130,1,22,19,44,58,49
284,35,80,58,72,37,65,21,11,49,66,75,147,104,77,88,136,60,71,19,105
147,22,87,49,19,21,7,30,80,81,104,141,25,17,45,88,98,73,111,99,83
301,40,18,22,80,146,72,35,76,58,32,61,7,65,37,122,59,64,66,19,33
457,65,147,22,11,32,113,155,87,40,19,34,146,77,142,44,98,160,13,80,150
207,72,21,90,87,146,22,45,131,142,30,130,141,103,7,19,58,180,40,39,1
141,113,49,17,101,7,45,87,18,105,24,67,19,22,72,39,65,83,73,35,103
263,22,72,40,58,11,65,35,60,76,66,32,49,7,146,104,33,19,155,5,87
211,22,72,80,40,35,87,66,76,58,7,45,19,65,142,136,36,141,60,37,128
30,22,21,67,35,2,84,80,129,101,40,8,87,65,66,76,60,34,7,58,72
164,22,21,67,84,101,129,35,2,87,80,40,60,8,65,66,76,7,34,56,89
238,72,22,80,76,40,65,58,11,5,136,37,147,145,21,19,31,142,165,77,67
299,22,76,40,72,60,80,58,65,66,94,2,19,11,21,67,36,142,89,4,147
253,7,22,87,44,72,67,19,13,21,146,65,39,40,91,30,45,138,6,17,95
67,9,143,14,8,48,23,44,101,84,53,37,40,33,32,60,62,76,39,85,86
110,87,22,39,49,1,19,21,26,30,7,45,104,81,90,17,98,100,80,73,88
138,87,22,39,21,7,19,1,80,30,73,40,17,116,2,141,81,67,72,100,26
3,14,44,23,143,101,89,45,11,134,48,18,83,76,5,67,184,84,6,22,59
246,76,22,72,58,66,114,65,5,21,101,35,119,142,87,37,75,172,41,11,94
107,60,22,65,35,7,40,72,80,76,66,71,34,101,67,58,129,21,59,146,56
119,101,113,14,17,11,33,6,49,134,105,51,12,73,45,63,5,23,72,131,180
485,76,22,58,72,66,114,101,65,35,142,87,75,119,40,37,41,128,172,33,60
443,35,72,80,67,76,65,58,22,32,60,33,40,141,66,147,165,136,145,105,168
350,72,66,22,146,142,45,7,40,103,172,44,58,19,60,130,21,131,11,180,90
154,76,22,58,72,114,66,101,21,5,65,119,35,142,37,40,87,75,11,172,41
480,76,22,58,66,114,65,21,101,5,35,142,119,172,87,40,75,37,41,128,80
280,80,72,35,40,58,65,19,76,7,60,49,104,37,66,136,13,142,160,150,105
335,22,58,72,66,114,5,21,65,101,35,142,119,87,40,172,75,37,41,123,94
216,22,58,72,66,114,5,21,65,101,35,142,119,87,40,172,75,37,41,123,94
375,66,87,21,45,142,22,146,80,131,58,130,39,30,111,136,7,155,73,19,60
71,22,7,60,65,35,129,40,67,21,101,71,80,76,84,66,2,87,89,26,58
425,66,72,58,44,22,40,180,21,7,142,130,131,45,60,103,32,76,90,80,65
347,19,7,40,80,65,88,39,72,97,104,13,99,49,76,44,58,18,35,146,73
394,72,40,35,65,76,80,58,19,7,66,60,37,136,33,147,99,104,96,88,49
237,76,22,58,66,114,21,65,35,5,101,119,142,87,37,40,75,172,41,11,94
257,87,39,72,40,80,22,21,67,7,45,146,141,142,19,131,66,122,30,73,155
389,22,72,58,66,21,65,35,114,101,5,142,87,11,40,37,75,181,94,60,30
208,22,58,72,66,114,65,21,5,101,35,119,142,87,75,40,37,172,11,41,187
214,72,22,76,40,58,66,37,60,65,147,11,136,142,168,109,54,5,94,145,122
178,22,58,72,66,35,101,114,5,65,37,119,142,87,40,172,75,41,128,123,110
163,101,14,45,23,6,73,83,51,0,1,5,134,63,11,113,39,84,24,72,12
160,39,87,22,49,21,90,26,1,7,30,73,19,104,100,45,17,81,111,25,83
349,22,58,72,35,114,66,5,21,65,101,142,37,119,40,41,75,172,11,181,33
334,22,72,35,80,76,40,58,65,66,7,60,37,36,96,34,140,185,168,160,11
106,101,14,45,23,6,0,113,83,51,1,5,73,24,63,18,11,125,44,17,8
204,66,72,90,22,146,87,45,142,130,131,103,30,39,141,7,19,180,44,58,40
274,22,72,58,66,114,21,5,65,35,101,119,142,87,40,75,37,11,172,41,94
242,76,22,58,72,66,65,101,21,5,35,142,119,172,87,40,75,37,41,128,187
364,76,22,58,72,66,114,101,21,65,5,35,119,142,40,87,37,75,11,172,41
127,22,87,21,39,19,7,1,80,49,45,66,17,26,72,5,81,88,104,25,36
371,22,58,72,66,114,65,101,21,5,35,119,142,87,37,40,75,11,41,172,128
357,72,80,58,65,40,37,147,66,60,21,77,142,145,136,96,160,110,131,4,31
38,1,39,49,26,87,22,73,104,90,15,21,5,101,111,63,19,81,100,98,17
224,72,80,22,76,40,65,60,37,66,58,147,136,142,11,165,75,168,67,31,145
491,65,22,72,32,19,11,147,40,34,155,80,142,58,146,150,113,87,7,44,76
1,49,39,1,87,26,22,90,21,19,81,104,30,111,7,73,98,100,83,45,25
157,22,21,2,67,35,8,129,101,80,76,40,66,65,60,34,89,72,33,7,56
319,22,72,65,60,80,40,58,66,76,147,35,34,33,98,113,140,158,37,150,87
32,101,14,23,45,6,51,83,134,5,1,73,63,125,113,24,72,91,11,84,18
54,14,113,45,6,134,23,0,51,73,83,1,24,125,5,11,63,12,72,76,49
248,72,40,76,58,65,37,66,60,147,21,11,49,168,94,54,109,31,104,75,142
16,87,1,49,39,21,30,19,90,22,7,17,81,73,98,25,111,45,100,104,5
367,22,80,39,40,72,87,45,9,21,19,44,1,142,73,67,7,155,198,122,146
5,49,39,1,26,87,90,22,104,19,83,111,5,21,73,45,81,100,98,7,3
80,22,49,87,1,26,19,90,7,21,73,81,100,83,45,111,5,30,80,2,15
53,72,80,22,40,65,76,32,67,58,75,136,37,73,60,4,78,33,93,24,66
65,65,60,22,80,21,40,35,76,72,4,120,66,7,112,56,71,67,89,58,20
465,76,22,72,58,66,114,21,65,101,35,142,119,87,37,40,172,75,41,94,187
96,22,19,7,40,97,39,44,13,72,80,65,45,76,88,58,21,73,5,35,146
407,147,19,72,35,40,80,32,76,58,7,150,34,66,77,104,37,49,146,88,99
442,22,66,72,58,21,65,114,35,142,37,87,119,7,101,75,11,181,33,60,30
162,35,80,22,76,40,66,37,65,147,60,11,136,145,75,142,54,109,168,49,31
323,22,58,72,66,114,21,65,35,101,5,119,142,87,40,75,37,172,11,41,187
209,76,22,72,58,66,114,5,65,21,101,35,142,119,37,40,87,41,172,75,94
168,37,40,35,72,80,76,58,65,19,66,7,49,36,104,89,26,21,142,147,145
179,87,22,21,39,19,1,30,26,80,49,65,73,72,155,7,81,142,45,32,25
260,72,80,40,76,22,65,60,58,32,136,37,75,78,73,4,21,105,33,24,93
99,22,87,19,39,21,1,26,49,30,141,80,17,88,104,81,60,25,45,5,33
424,35,76,65,58,80,37,66,147,60,96,136,75,83,160,21,145,77,2,81,132
122,22,87,39,19,21,49,1,26,7,30,80,45,104,141,17,73,90,88,111,36
135,60,22,7,35,65,71,40,80,66,76,34,72,67,101,129,58,89,56,21,84
416,22,72,66,114,35,21,65,101,119,5,87,142,37,40,75,11,172,41,94,60
55,22,87,39,19,21,7,1,49,30,80,141,26,17,45,81,88,104,99,73,25
438,35,22,58,80,66,76,65,60,37,11,136,7,36,33,168,122,142,132,185,96
185,22,39,19,1,30,49,7,80,26,141,45,17,81,104,88,73,25,90,58,136
261,35,72,80,32,67,65,75,93,21,33,4,40,73,78,105,22,136,24,60,76
468,35,22,72,65,80,37,32,66,11,122,145,21,60,96,113,7,75,19,146,142
456,35,22,72,80,40,76,58,66,11,60,147,37,136,5,145,65,122,150,168,142
140,83,1,14,23,45,49,104,84,5,63,73,26,9,15,39,6,8,53,111,90
48,72,80,60,35,21,65,40,89,7,66,76,19,58,56,26,112,120,99,59,94
437,22,58,35,65,37,80,60,147,136,33,87,96,185,142,77,43,132,21,145,32
112,35,40,65,76,80,37,104,49,26,58,36,38,60,78,66,97,11,151,145,59
366,76,22,58,66,114,21,5,65,101,35,119,142,40,87,75,37,172,41,11,94
130,22,21,67,35,7,84,80,40,60,87,76,2,8,65,66,34,71,72,58,89
228,76,22,58,72,66,114,21,65,101,119,5,142,40,37,75,172,11,41,187,80
153,39,22,49,21,1,19,26,30,81,7,73,104,111,45,100,5,98,80,25,17
469,22,58,72,66,114,21,65,35,101,142,87,75,41,40,119,37,172,80,187,94
276,22,72,40,65,5,7,39,19,172,146,35,11,104,49,155,58,32,100,98,87
405,22,58,72,66,114,65,21,5,101,35,119,142,87,75,40,37,172,11,41,187
266,22,58,72,66,114,65,21,5,101,35,119,142,87,75,40,37,172,11,41,187
313,35,72,80,40,22,32,67,75,73,60,4,65,105,93,136,21,141,24,76,165
117,76,58,72,66,114,65,101,21,5,35,142,119,172,87,40,75,37,41,128,187
159,22,72,58,66,114,5,21,65,101,35,119,142,40,87,75,37,11,172,41,94
11,7,19,87,65,49,30,141,22,60,34,17,146,39,98,1,76,26,99,6,45
78,19,49,7,104,58,35,88,76,72,141,40,65,33,136,1,87,26,105,83,192
206,72,146,40,131,22,49,58,103,76,21,60,142,37,130,35,180,45,18,195,65
410,76,58,72,66,114,65,101,21,5,35,142,119,172,87,40,75,37,41,128,187
339,22,80,72,65,58,40,35,142,32,11,98,60,5,76,150,66,87,19,104,73
445,60,40,72,22,76,35,58,80,66,18,32,186,7,33,65,64,61,155,147,37
403,72,80,22,76,65,40,32,136,11,67,60,58,147,73,21,105,24,33,75,93
288,22,72,58,114,66,35,21,65,101,5,142,40,119,87,172,37,75,41,123,94
125,22,19,49,21,39,1,80,7,141,30,26,45,104,17,58,88,81,83,111,25
460,22,58,72,66,114,5,101,21,65,35,142,87,75,40,37,41,119,128,172,33
4,113,22,101,45,73,6,35,49,72,51,58,76,24,7,63,1,65,23,134,131
182,22,7,87,19,21,80,2,49,45,40,100,104,1,73,13,88,81,66,116,30
218,22,72,35,80,76,7,65,58,66,37,136,33,141,146,75,87,185,34,127,45
461,22,58,40,76,66,35,65,33,80,60,146,37,7,32,147,136,132,185,98,122
255,35,22,72,80,40,58,76,66,37,11,65,60,147,142,168,136,36,45,160,75
318,35,72,76,40,66,37,11,60,147,136,96,21,142,7,160,83,19,79,145,31
131,22,80,40,72,35,19,60,76,66,65,7,37,136,49,104,141,105,150,99,146
102,72,146,22,21,90,58,40,103,142,7,87,130,45,141,60,180,76,139,80,35
197,80,72,22,40,67,60,76,65,33,136,32,58,4,73,18,105,21,31,145,168
250,35,22,40,58,136,65,76,32,11,60,73,66,75,21,93,24,105,147,33,145
199,35,22,40,65,72,123,110,75,148,60,168,77,147,145,59,122,11,174,170,109
105,40,146,7,80,186,32,35,61,22,19,63,33,59,64,31,76,26,37,5,99
436,72,22,76,40,35,65,80,66,33,60,146,147,7,37,96,132,136,32,11,140
82,22,72,40,76,65,7,58,146,66,35,186,37,38,34,140,33,185,98,158,61
70,37,21,2,67,87,84,129,101,80,22,7,34,59,9,162,165,150,151,167,152
489,72,80,22,65,40,76,32,67,21,75,136,58,4,37,60,33,73,78,93,24
472,22,72,40,87,7,80,58,66,60,141,19,146,45,33,99,76,39,49,1,35
91,22,72,40,37,60,147,136,145,150,49,18,142,83,75,77,160,168,11,148,1
463,40,72,22,58,66,35,65,7,33,21,60,96,136,32,37,75,122,132,36,88
413,35,40,76,80,58,66,60,7,37,11,147,33,136,96,36,145,140,185,19,111
426,87,1,39,21,26,49,30,22,45,81,7,19,73,83,25,146,100,11,98,104
279,22,60,40,19,80,72,7,76,146,65,186,35,58,88,155,13,104,11,136,49
290,72,22,113,70,155,87,32,11,34,19,40,44,67,98,146,147,142,13,17,94
384,22,58,72,66,114,65,101,21,5,35,119,142,87,37,40,75,11,41,172,128
293,76,58,72,66,114,65,101,35,21,5,40,142,119,172,37,75,41,87,128,187
451,22,7,40,80,67,180,72,19,182,146,87,13,65,6,39,18,17,131,33,142
432,35,22,40,72,80,58,65,37,11,60,66,147,136,142,96,113,83,171,95,21
360,72,22,65,80,40,32,11,113,34,87,142,146,58,98,70,5,19,172,95,181
324,37,22,35,72,40,60,76,21,58,66,113,56,7,4,20,59,34,89,147,168
300,65,147,22,72,32,87,40,19,146,34,11,113,80,44,155,150,36,13,142,141
294,35,76,147,145,96,142,83,136,49,18,68,77,21,171,94,131,86,3,139,158
322,22,72,76,58,65,60,37,66,136,168,142,11,160,79,147,150,75,96,21,122
354,72,22,35,76,58,80,66,65,33,60,37,7,96,147,136,142,145,185,99,132
361,22,80,72,40,65,60,7,76,66,58,5,35,59,87,34,11,37,146,98,19
115,87,21,22,39,1,19,30,45,7,17,90,26,73,83,49,100,25,81,80,2
77,22,87,26,1,21,19,7,81,80,104,30,73,90,98,111,25,88,83,3,5
116,72,80,65,22,40,76,73,75,32,21,37,136,67,33,78,60,93,58,24,66
29,37,22,80,76,35,65,21,58,56,60,40,120,66,4,19,145,11,142,87,32
12,35,76,72,80,65,66,58,60,94,2,19,47,147,160,5,77,4,59,54,110
192,22,58,72,5,128,114,80,40,19,87,75,105,35,45,141,65,142,49,119,6
61,37,22,2,8,67,87,80,84,101,129,35,76,34,58,40,7,65,66,112,72
36,58,6,105,22,49,113,18,11,66,35,101,95,142,72,33,40,37,65,44,24
440,22,72,58,80,35,40,76,37,66,65,7,122,145,21,11,96,136,160,185,77
481,22,72,40,76,65,80,7,58,60,66,35,11,37,146,19,34,33,98,122,38
428,35,22,72,65,76,40,80,60,34,58,11,37,113,150,66,36,145,7,19,136
23,80,22,65,76,40,32,136,75,4,11,67,58,33,21,24,93,78,60,145,36
423,22,40,76,80,65,66,35,58,60,19,33,136,99,147,38,96,88,37,140,34
359,22,72,32,155,34,40,113,11,80,147,87,19,58,44,98,146,13,70,78,142
220,22,72,58,35,21,66,114,101,65,5,37,119,142,87,40,172,75,41,123,80
170,22,58,72,21,35,101,65,142,37,75,119,41,40,123,105,128,71,87,94,20
494,22,72,58,66,114,5,21,65,101,35,119,142,40,87,75,37,11,172,41,94
188,65,35,72,22,40,80,98,11,147,58,113,142,67,34,155,33,19,49,76,136
100,72,80,65,22,40,76,32,75,4,21,37,136,73,67,33,58,78,93,60,24
381,22,72,58,114,5,66,21,101,35,119,142,87,41,40,75,172,80,181,11,33
22,37,60,22,80,65,34,21,76,26,72,89,113,35,40,56,129,99,11,101,196
121,87,22,21,39,19,141,1,7,49,80,26,45,66,81,136,88,25,58,104,72
412,72,80,22,65,67,40,136,60,76,21,32,73,93,75,33,58,145,105,24,108
474,76,22,58,72,66,114,65,101,21,5,35,142,119,40,87,75,37,41,128,80
66,87,49,1,39,22,21,26,7,90,81,25,17,98,45,100,111,104,80,5,33
325,22,87,72,21,30,19,7,141,40,39,58,45,33,1,65,26,32,146,73,147
226,76,72,80,40,65,66,60,11,147,21,136,96,160,145,47,110,75,131,142,83
345,76,22,72,58,66,114,5,65,21,101,35,119,142,40,87,37,75,172,41,11
143,37,21,67,8,22,87,129,84,101,7,80,34,19,58,65,89,26,99,126,100
292,80,72,22,76,58,40,67,60,32,147,136,4,73,75,141,37,78,168,11,21
161,35,72,80,32,63,33,21,4,93,65,67,73,78,105,40,24,136,22,141,145
213,22,58,72,66,114,21,35,65,101,5,119,142,87,40,75,37,172,11,41,80
194,35,22,76,72,80,147,58,40,66,37,60,113,145,142,78,33,19,49,79,186
69,49,7,87,104,80,88,39,26,1,141,17,58,99,65,76,45,72,136,36,40
369,58,72,66,114,101,21,65,5,35,119,142,87,40,37,75,128,172,41,60,33
458,76,22,58,72,66,21,65,35,101,114,142,40,119,87,75,37,11,172,41,30
320,22,58,72,66,114,21,65,35,5,101,119,142,87,40,75,37,11,172,41,60
93,22,21,67,84,35,2,101,129,87,40,80,60,8,65,66,76,7,34,89,56
399,22,58,72,66,114,5,65,21,101,35,119,87,40,172,37,75,41,123,94,181
363,76,22,35,72,80,58,40,37,66,65,60,142,21,75,160,171,168,145,94,140
309,22,72,80,40,76,65,19,7,58,136,88,32,37,73,49,5,105,36,75,97
58,22,87,7,141,1,80,30,39,17,26,21,45,32,104,58,25,60,136,18,111
156,22,19,72,66,80,49,45,76,33,39,136,32,40,30,60,146,1,104,58,21
75,39,87,22,1,26,19,90,21,30,104,7,100,73,98,111,83,5,3,25,17
128,22,72,66,114,101,21,5,65,35,142,75,119,40,172,87,37,41,128,123,94
289,22,35,58,66,76,40,37,65,60,7,96,147,128,142,104,132,145,168,140,34
249,37,22,35,72,21,76,60,65,40,58,7,66,8,2,71,101,20,168,147,59
273,22,35,72,40,66,65,80,60,37,147,21,5,75,86,85,89,128,142,136,150
450,39,72,49,40,11,5,67,113,146,66,104,73,80,87,14,4,7,1,45,142
13,22,87,80,49,32,141,72,58,7,1,76,66,33,146,104,65,36,40,35,21
358,22,72,65,60,40,80,11,146,87,32,58,113,98,70,160,158,19,21,95,34
31,35,22,72,80,66,37,65,147,75,142,150,21,186,131,160,47,96,7,2,122
180,22,72,80,40,65,58,66,21,11,5,60,147,142,75,125,77,96,167,59,94
113,22,58,72,66,21,65,5,35,37,119,142,87,172,40,41,75,128,33,60,181
312,22,58,72,66,114,65,21,5,101,35,142,119,172,87,75,40,41,37,80,187
398,7,44,22,182,6,146,19,80,17,113,40,72,30,33,155,57,65,13,1,158
393,22,72,58,114,66,65,5,21,101,35,119,142,87,37,40,75,11,41,172,94
392,65,147,32,19,113,150,72,33,98,7,58,80,35,77,155,40,31,136,11,138
265,35,37,66,65,58,40,21,60,147,11,59,75,131,160,132,47,110,94,2,122
282,22,58,72,66,114,65,21,35,5,101,119,142,75,40,87,37,11,172,41,60
222,22,35,72,80,66,76,40,58,37,65,60,147,160,142,145,136,131,186,128,168
44,22,19,7,40,44,87,80,72,39,88,65,21,99,13,104,45,18,76,73,5
401,72,22,66,65,40,146,60,76,58,142,7,87,45,32,147,11,130,34,140,131
316,22,80,76,58,65,37,60,66,11,147,142,136,160,145,75,96,168,131,186,94
187,72,147,60,77,43,167,142,145,110,122,164,168,83,148,163,161,160,68,69,14
94,19,7,87,80,39,1,141,17,26,99,65,58,72,105,81,76,5,36,40,33
95,7,49,88,80,39,40,97,104,87,72,99,65,13,21,73,36,76,67,58,81
17,101,45,23,6,73,5,83,134,113,11,1,63,24,49,22,12,0,39,84,131
76,113,24,33,49,14,17,105,11,6,12,18,63,73,134,65,51,72,5,44,180
484,22,58,72,66,35,21,114,65,142,75,37,147,41,59,123,181,87,33,60,80
346,72,22,35,76,58,65,66,80,60,147,96,142,168,145,99,122,185,7,85,140
243,72,80,76,58,65,37,60,66,11,147,136,96,19,145,75,142,160,31,47,77
269,76,22,58,72,66,114,21,101,5,35,142,119,172,87,40,75,37,41,128,80
331,22,58,72,66,114,21,65,5,101,35,142,119,40,172,87,75,37,41,123,94
434,113,33,67,101,24,72,18,65,180,22,83,35,87,134,45,19,91,49,105,80
20,22,18,40,7,146,32,87,33,80,19,26,49,35,39,1,21,30,99,76,66
183,76,22,72,58,66,114,5,65,21,101,35,119,142,40,87,37,75,172,11,41
314,35,72,80,40,58,19,76,7,136,36,49,32,60,66,105,147,104,11,97,73
341,76,72,22,65,5,60,101,40,7,114,110,66,33,89,21,80,34,56,35,102
72,22,49,39,19,44,26,5,13,30,1,58,81,104,2,90,99,146,87,186,88
195,80,72,40,76,65,37,66,11,60,147,136,142,75,168,160,96,79,31,54,109
351,22,35,80,72,76,58,40,34,66,7,150,11,113,36,60,5,37,168,140,186
305,22,7,80,40,60,66,32,39,87,19,13,72,65,58,59,5,182,33,141,168
374,72,66,142,146,180,18,103,45,21,130,131,58,22,7,60,40,195,11,90,65
256,22,35,76,58,80,65,37,136,147,142,60,145,75,96,160,77,150,185,131,79
376,65,72,11,22,142,155,87,44,40,19,80,113,70,172,58,32,147,67,78,34
490,22,58,72,66,114,65,21,5,101,35,119,142,87,75,40,37,172,11,41,187
377,22,80,35,49,76,58,19,7,72,98,37,32,87,104,40,66,191,136,21,142
495,72,80,65,22,40,76,4,32,75,73,21,37,136,67,33,58,78,93,60,24
84,22,58,72,66,114,65,5,101,35,119,142,40,87,37,11,172,41,33,60,94
126,87,21,1,39,22,49,26,19,30,90,45,73,83,81,104,100,17,111,80,25
338,40,66,22,80,35,65,142,76,45,32,131,136,79,130,160,60,128,34,21,146
455,22,80,40,37,66,60,147,21,77,136,145,75,160,83,79,142,43,110,2,94
283,22,58,72,21,101,35,66,114,65,119,142,172,87,41,40,75,5,37,147,11
217,35,22,72,80,76,66,58,37,40,65,60,11,147,96,150,136,160,75,142,168
372,22,72,76,80,58,65,66,147,60,37,136,145,142,7,19,96,125,131,186,160
14,44,143,9,89,14,91,8,148,151,150,149,443,152,146,144,142,147,155,154,140
10,87,22,19,49,21,39,141,17,33,80,99,5,58,88,81,45,60,98,32,119
86,19,87,7,49,26,88,1,39,80,104,21,141,17,99,65,72,45,5,81,36
239,35,76,80,66,58,65,11,147,60,136,145,160,96,142,131,94,47,150,186,110
229,22,72,5,21,65,101,35,119,75,142,40,87,11,37,172,41,80,187,110,102
493,76,22,58,72,66,114,21,101,65,5,35,142,87,37,40,75,172,11,128,41
386,22,72,58,66,114,5,21,65,35,101,87,142,119,40,41,37,75,172,33,11
302,72,22,35,76,40,58,37,80,60,65,147,136,33,96,142,185,150,132,75,99
429,72,22,35,76,58,80,40,66,65,147,37,60,7,145,136,11,142,150,96,160
390,65,22,58,147,60,5,72,146,11,75,33,66,37,34,77,35,43,80,39,21
400,22,72,80,40,76,65,58,60,136,66,21,73,36,147,11,96,32,37,33,145
391,37,22,76,60,72,7,80,40,66,35,58,33,34,38,147,140,132,32,146,59
397,76,22,58,72,114,65,21,101,5,35,142,119,172,87,40,75,37,41,128,80
145,37,22,80,35,72,76,65,60,7,56,120,89,4,40,113,87,147,66,71,2
272,80,72,35,40,19,58,7,76,32,36,49,146,88,104,142,160,136,13,60,5
57,35,80,72,76,67,49,32,60,22,40,65,31,58,66,141,11,136,145,87,150
311,72,76,58,66,65,80,37,136,60,77,142,32,96,145,163,161,160,21,49,14
382,40,65,80,7,58,19,66,76,35,60,146,136,104,88,99,38,49,140,34,147
18,22,21,65,80,40,35,72,60,7,120,27,76,4,112,66,20,89,67,58,129
83,22,87,39,21,19,1,49,30,80,26,7,81,100,45,104,90,141,116,25,17
315,72,22,65,80,35,58,66,76,60,7,87,37,34,140,33,5,146,98,142,155
19,22,87,39,21,7,19,1,45,30,73,26,80,2,49,81,90,100,116,141,17
73,22,72,66,114,5,21,65,35,101,142,119,172,41,87,80,40,37,105,123,187
332,80,22,76,58,65,32,60,66,37,21,67,73,147,75,93,11,145,78,105,122
353,22,58,72,66,114,65,21,5,101,35,119,142,87,75,40,37,172,11,41,187
47,39,21,87,22,1,73,19,45,90,2,7,30,49,57,17,83,116,100,81,26
103,22,40,76,65,72,80,58,66,2,94,73,67,21,49,150,148,149,18,164,122
123,22,72,60,122,171,77,147,83,110,168,148,78,21,136,19,49,104,167,177,149
328,22,35,58,65,72,40,76,66,37,19,60,136,141,200,111,1,201,110,142,145
33,87,39,22,1,19,30,26,49,45,90,7,73,17,81,100,25,83,104,111,80
184,22,72,58,66,114,5,21,65,101,35,119,142,40,87,75,37,11,172,41,94
449,80,76,22,65,40,58,147,11,60,136,37,66,19,168,75,205,4,73,141,165
39,76,40,80,72,65,66,60,21,11,147,19,77,47,122,32,89,132,145,142,164
270,87,67,180,22,40,146,21,65,45,30,66,44,58,18,19,141,88,160,130,33
409,35,22,76,66,147,37,136,60,142,122,96,131,186,83,160,168,185,7,150,79
298,72,37,76,66,60,136,160,75,122,47,83,171,164,148,168,169,150,185,79,54
132,9,89,14,48,8,44,23,101,83,161,152,144,146,147,169,148,149,150,167,151
304,22,58,72,66,114,65,21,5,101,35,119,142,87,75,40,37,172,11,41,187
356,35,76,72,65,37,60,32,147,136,145,122,148,83,171,49,168,150,77,167,96
252,22,72,76,66,37,58,136,40,147,160,142,150,75,79,168,145,50,104,186,131
303,22,66,80,147,37,60,136,145,163,164,77,160,75,150,94,43,161,96,49,3
385,72,40,22,76,66,80,58,65,7,60,87,37,35,32,146,122,98,19,99,136
27,35,72,147,40,22,65,58,11,60,19,142,37,205,66,80,145,150,78,34,113
327,22,40,80,65,60,58,36,11,136,37,147,96,31,7,5,125,95,142,145,141
418,72,35,76,80,58,37,65,60,96,147,136,122,7,150,149,75,142,49,21,185
380,22,35,80,76,66,65,37,60,122,96,77,83,147,145,133,136,81,75,171,160
453,72,22,58,80,76,65,7,40,155,33,32,142,87,35,98,66,99,95,146,36
496,22,58,72,66,114,21,35,65,101,5,142,119,87,172,40,37,75,41,123,187
352,76,22,72,58,66,114,5,65,21,101,35,119,142,40,87,75,37,172,41,94
51,22,35,60,72,40,80,65,21,76,7,66,88,26,56,58,4,67,71,112,19
25,14,101,5,45,83,1,63,51,11,6,49,113,23,39,134,84,12,104,24,131
59,49,80,76,72,40,58,65,35,5,60,141,105,33,39,1,87,36,17,83,136
464,22,40,35,72,58,66,11,32,60,65,33,21,7,75,88,136,114,85,86,89
0,39,26,87,49,21,30,45,90,83,19,22,73,111,104,100,17,81,25,7,98
63,22,49,65,1,40,80,76,7,5,39,66,26,60,83,73,15,58,87,81,139
379,76,22,72,58,66,114,5,21,65,35,101,119,87,172,40,37,75,41,94,80
146,67,101,14,53,83,91,18,87,84,17,9,65,180,45,22,8,94,138,7,33
9,7,19,40,80,88,49,65,72,104,35,39,97,76,58,44,26,99,146,36,105
433,65,35,72,22,80,11,32,40,58,76,34,142,155,147,19,60,7,98,136,146
477,72,80,65,22,40,76,32,75,4,21,37,136,67,73,60,58,33,93,78,24
466,72,35,80,40,65,19,76,7,11,60,49,66,136,104,145,26,147,37,13,88
158,39,22,49,44,13,19,113,138,5,33,6,180,11,66,100,63,1,65,88,131
79,39,22,87,21,19,1,49,80,7,73,45,81,30,26,100,104,90,2,88,141
462,35,72,76,22,150,40,58,77,146,80,19,36,66,145,98,11,44,163,37,186
281,72,76,66,147,136,160,49,145,83,164,96,150,77,163,168,68,14,47,75,3
90,22,72,35,80,76,65,40,60,66,56,89,7,20,27,147,59,71,160,135,155
310,22,72,80,76,65,40,58,37,60,66,11,147,168,96,136,36,160,150,145,31
415,72,65,76,32,22,40,80,11,77,58,145,60,136,34,150,19,113,141,36,67
291,35,80,76,40,58,37,65,66,60,11,147,136,96,75,186,131,142,31,47,150
7,7,39,87,80,21,88,40,97,49,104,72,65,73,99,1,67,58,136,36,26
419,65,22,72,76,34,40,32,19,7,11,60,5,98,113,146,58,155,150,66,80
271,22,76,37,60,147,145,136,96,77,43,168,171,49,81,160,79,113,54,109,15
368,76,22,58,72,66,114,101,21,65,5,35,119,142,40,87,37,75,11,172,41
118,76,58,37,66,65,40,60,147,59,79,142,11,98,150,163,164,14,69,68,3
87,22,49,19,39,1,21,26,7,30,80,17,141,104,45,98,81,58,33,111,25
92,80,7,58,104,88,65,87,72,26,39,35,1,40,76,141,105,66,83,36,81
21,72,76,58,80,40,147,142,136,150,164,122,43,163,160,94,161,145,83,47,149
193,58,37,40,60,11,114,43,164,49,142,75,68,69,14,145,59,3,110,18,83
165,146,143,8,9,48,182,40,67,22,66,58,14,35,196,76,37,80,11,43,122
408,72,22,76,80,66,58,35,33,7,87,65,60,37,185,147,136,34,140,132,96
488,72,80,65,40,76,22,32,67,136,4,73,75,58,78,60,21,37,147,33,93
258,7,22,146,6,40,113,180,19,13,11,72,142,32,196,80,67,122,66,35,76
414,22,44,146,11,72,180,40,19,6,182,13,80,67,76,122,39,58,99,17,45
396,22,58,72,66,114,65,21,5,101,35,119,142,87,75,40,37,172,11,41,187
476,22,58,66,114,65,21,5,101,35,119,142,87,75,40,37,172,11,41,187,80
175,22,80,72,37,58,65,66,60,77,11,21,5,96,147,136,125,110,31,47,75
64,80,72,76,40,65,22,58,60,37,66,79,104,32,33,75,141,50,11,109,136
473,72,76,22,66,58,35,37,65,32,147,60,80,146,96,33,145,77,142,132,185
15,39,1,22,87,90,19,104,83,21,111,81,7,15,100,73,5,98,30,45,3
321,35,80,58,66,37,65,11,40,60,136,160,145,142,75,96,122,150,79,31,125
152,87,22,21,19,1,7,90,45,73,49,30,2,100,104,81,80,17,88,26,116
475,72,58,22,76,66,40,35,80,60,147,37,32,65,33,7,142,122,45,136,139
24,35,72,80,76,60,65,58,96,147,11,94,160,2,142,132,110,21,131,150,36
196,22,87,19,7,21,72,80,45,66,30,1,136,40,49,146,33,39,5,26,58
236,22,40,65,80,66,58,60,21,11,75,59,148,147,168,94,160,77,110,150,47
231,72,35,22,76,80,65,37,147,60,59,45,142,122,150,75,160,131,186,136,164
202,22,72,164,149,150,147,77,122,78,60,75,167,145,136,83,142,108,146,199,151
435,22,72,58,35,66,40,65,96,75,60,114,33,5,21,7,128,136,36,181,105
212,66,72,146,21,87,45,22,142,131,40,44,58,103,180,30,141,60,7,195,172
210,22,58,72,66,114,21,65,5,101,142,40,119,87,37,172,75,41,123,94,71
230,76,66,37,147,21,40,19,181,60,160,136,142,161,2,163,150,185,110,75,174
444,72,40,80,37,66,60,136,142,145,96,164,163,49,83,122,161,160,68,3,77
177,72,22,142,146,65,155,40,11,21,45,7,131,66,13,160,130,30,141,34,32
139,18,40,146,80,186,35,22,61,32,37,63,59,7,62,72,76,64,65,66,158
133,101,24,17,49,65,11,33,105,14,44,63,7,12,18,6,72,67,39,180,73
151,72,76,40,58,65,60,136,147,21,150,94,160,142,47,110,68,122,86,3,125
144,76,22,35,37,72,65,122,67,3,68,150,75,148,85,96,77,86,49,43,24
174,37,72,80,35,21,7,40,65,76,58,60,26,19,89,2,66,11,34,88,67
232,76,37,60,11,147,136,145,142,160,131,83,96,94,79,186,47,150,3,14,68
74,22,35,21,2,40,80,65,76,129,101,84,8,66,87,72,60,58,34,7,89
101,76,66,5,58,114,40,19,72,80,35,65,71,7,75,41,105,142,21,67,11
219,76,22,72,58,66,114,65,21,35,5,101,119,142,87,40,37,75,172,11,41
98,87,22,21,39,19,30,1,7,49,17,141,80,26,81,45,90,25,73,100,98
427,22,72,35,76,80,40,66,65,37,58,60,7,136,150,147,33,142,49,11,3
35,35,72,80,32,67,33,21,75,4,63,65,73,40,78,22,105,136,24,60,165
28,35,72,76,65,37,60,136,147,96,75,145,77,122,83,133,160,47,54,109,19
200,22,72,80,60,147,77,148,163,49,150,122,160,161,145,168,3,69,68,142,169
344,22,72,66,58,76,35,60,80,65,96,147,122,21,7,146,185,33,140,56,132
431,22,76,58,80,40,147,11,60,37,66,136,145,150,142,43,205,160,132,113,125
333,22,58,72,66,114,65,21,5,35,101,119,142,75,40,87,37,172,11,94,60
42,72,80,40,37,65,11,66,147,7,75,160,142,174,47,136,110,131,186,19,54
439,72,80,58,22,65,147,11,66,37,77,60,136,122,145,19,205,125,83,168,24
191,76,22,72,58,66,114,5,65,21,101,35,119,142,40,87,37,75,172,41,11
275,72,40,66,65,32,87,22,147,58,80,76,7,35,136,141,45,34,33,60,36
287,72,22,40,76,58,65,60,11,37,66,136,145,147,142,165,49,21,122,94,109
150,35,58,22,67,80,72,155,60,164,59,166,168,95,11,75,98,169,43,136,145
268,35,22,72,76,40,66,65,60,37,136,11,142,150,145,79,160,122,131,186,75
417,101,14,45,73,83,6,1,11,51,76,23,7,134,63,22,113,84,39,40,35
45,22,19,87,39,80,88,99,44,104,49,97,13,72,21,40,141,136,65,73,26
142,22,21,72,19,67,65,39,30,17,73,80,158,1,45,142,155,40,91,83,44
411,35,72,76,80,66,60,65,37,7,147,136,142,21,77,149,33,145,160,185,85
447,22,76,72,80,37,65,66,60,122,147,79,7,83,18,145,21,133,2,113,197
111,22,72,58,40,21,101,114,65,66,119,172,142,37,71,75,41,146,123,181,11
205,22,58,72,66,114,5,21,65,35,142,119,172,40,87,75,37,41,128,123,94
459,76,58,72,114,101,21,65,35,5,142,119,172,87,40,75,37,41,128,60,33
215,72,22,40,146,7,80,60,87,5,76,58,65,141,131,136,45,30,98,111,104
8,101,14,45,51,83,73,5,134,0,1,63,11,113,24,26,125,84,97,49,8
259,80,35,72,40,58,76,19,7,65,49,104,37,60,66,147,97,105,81,75,24
330,22,72,37,147,21,77,122,79,96,83,160,2,145,136,75,19,89,86,110,109
186,22,76,80,72,65,60,21,75,168,142,147,174,47,145,110,96,150,167,95,54
278,72,22,40,58,80,66,32,146,35,87,76,65,11,45,136,34,98,60,19,130
264,40,58,76,65,60,37,66,11,147,96,19,160,75,24,145,31,142,94,131,83
68,113,6,22,33,101,7,104,24,39,19,18,73,45,26,83,1,90,59,5,15
221,22,58,66,114,21,65,35,101,5,142,87,119,40,75,128,37,41,147,172,123
387,22,72,80,37,65,58,66,60,136,11,147,7,110,104,77,18,19,125,96,49
342,35,22,76,80,60,122,147,32,83,150,164,3,160,148,163,49,68,94,149,161
402,72,22,76,40,58,65,80,35,66,60,37,33,36,11,146,132,185,19,104,99
240,22,35,80,40,58,76,66,65,7,11,37,136,145,36,83,132,104,168,60,185
388,72,66,22,40,76,58,65,80,87,45,37,30,99,130,32,131,141,33,104,19
277,72,40,58,76,65,37,60,66,136,11,147,19,96,145,83,160,31,104,186,131
169,87,22,19,1,49,30,7,141,26,80,17,45,104,25,58,88,66,111,81,90
155,22,87,39,21,19,49,7,1,141,30,45,17,81,104,88,75,136,73,26,58
190,35,76,65,37,147,66,60,160,145,131,186,161,102,49,3,163,21,96,68,14
181,22,21,19,7,39,30,141,1,80,49,17,26,45,66,88,5,136,75,99,104
448,58,76,22,35,66,72,37,32,65,147,60,145,122,168,142,167,77,19,109,54
124,22,35,65,40,80,21,76,66,89,7,71,4,72,56,120,112,113,34,129,101
167,22,37,40,80,66,58,60,11,147,168,148,77,142,21,136,160,169,34,31,96
